,Date,Daily_Brazil_death,Daily_France_death,Daily_US_death,Daily_India_death,Daily_South_Africa_death,Daily_Brazil_recovered,Daily_France_recovered,Daily_US_recovered,Daily_India_recovered,Daily_South_Africa_recovered,Daily_Brazil_confirmed,Daily_France_confirmed,Daily_US_confirmed,Daily_India_confirmed,Daily_South_Africa_confirmed,month,year
0,2020-01-23,0,0,0,0,0,0,0,0,0,0,0,0,0,0,0,1,2020
1,2020-01-24,0,0,0,0,0,0,0,0,0,0,0,2,1,0,0,1,2020
2,2020-01-25,0,0,0,0,0,0,0,0,0,0,0,1,0,0,0,1,2020
3,2020-01-26,0,0,0,0,0,0,0,0,0,0,0,0,3,0,0,1,2020
4,2020-01-27,0,0,0,0,0,0,0,0,0,0,0,0,0,0,0,1,2020
5,2020-01-28,0,0,0,0,0,0,0,0,0,0,0,1,0,0,0,1,2020
6,2020-01-29,0,0,0,0,0,0,0,0,0,0,0,1,1,0,0,1,2020
7,2020-01-30,0,0,0,0,0,0,0,0,0,0,0,0,0,1,0,1,2020
8,2020-01-31,0,0,0,0,0,0,0,0,0,0,0,0,2,0,0,1,2020
9,2020-02-01,0,0,0,0,0,0,0,0,0,0,0,1,0,0,0,2,2020
10,2020-02-02,0,0,0,0,0,0,0,0,0,0,0,0,0,1,0,2,2020
11,2020-02-03,0,0,0,0,0,0,0,0,0,0,0,0,3,1,0,2,2020
12,2020-02-04,0,0,0,0,0,0,0,0,0,0,0,0,0,0,0,2,2020
13,2020-02-05,0,0,0,0,0,0,0,0,0,0,0,0,0,0,0,2,2020
14,2020-02-06,0,0,0,0,0,0,0,0,0,0,0,0,1,0,0,2,2020
15,2020-02-07,0,0,0,0,0,0,0,0,0,0,0,0,0,0,0,2,2020
16,2020-02-08,0,0,0,0,0,0,0,0,0,0,0,5,0,0,0,2,2020
17,2020-02-09,0,0,0,0,0,0,0,3,0,0,0,0,0,0,0,2,2020
18,2020-02-10,0,0,0,0,0,0,0,0,0,0,0,0,0,0,0,2,2020
19,2020-02-11,0,0,0,0,0,0,0,0,0,0,0,0,1,0,0,2,2020
20,2020-02-12,0,0,0,0,0,0,2,0,0,0,0,0,0,0,0,2,2020
21,2020-02-13,0,0,0,0,0,0,0,0,0,0,0,0,1,0,0,2,2020
22,2020-02-14,0,0,0,0,0,0,0,0,0,0,0,0,0,0,0,2,2020
23,2020-02-15,0,1,0,0,0,0,2,0,0,0,0,1,0,0,0,2,2020
24,2020-02-16,0,0,0,0,0,0,0,0,3,0,0,0,0,0,0,2,2020
25,2020-02-17,0,0,0,0,0,0,0,0,0,0,0,0,0,0,0,2,2020
26,2020-02-18,0,0,0,0,0,0,0,0,0,0,0,0,0,0,0,2,2020
27,2020-02-19,0,0,0,0,0,0,0,0,0,0,0,0,0,0,0,2,2020
28,2020-02-20,0,0,0,0,0,0,0,0,0,0,0,0,0,0,0,2,2020
29,2020-02-21,0,0,0,0,0,0,0,2,0,0,0,0,2,0,0,2,2020
30,2020-02-22,0,0,0,0,0,0,0,0,0,0,0,0,0,0,0,2,2020
31,2020-02-23,0,0,0,0,0,0,0,0,0,0,0,0,0,0,0,2,2020
32,2020-02-24,0,0,0,0,0,0,0,0,0,0,0,0,0,0,0,2,2020
33,2020-02-25,0,0,0,0,0,0,7,1,0,0,0,2,0,0,0,2,2020
34,2020-02-26,0,1,0,0,0,0,0,0,0,0,1,4,0,0,0,2,2020
35,2020-02-27,0,0,0,0,0,0,0,0,0,0,0,20,1,0,0,2,2020
36,2020-02-28,0,0,0,0,0,0,0,1,0,0,0,19,0,0,0,2,2020
37,2020-02-29,0,0,1,0,0,0,1,0,0,0,1,43,8,0,0,2,2020
38,2020-03-01,0,0,0,0,0,0,0,0,0,0,0,30,7,0,0,3,2020
39,2020-03-02,0,1,5,0,0,0,0,0,0,0,0,61,23,2,0,3,2020
40,2020-03-03,0,1,1,0,0,0,0,0,0,0,0,21,19,0,0,3,2020
41,2020-03-04,0,0,4,0,0,0,0,0,0,0,2,76,33,23,0,3,2020
42,2020-03-05,0,3,1,0,0,0,0,0,0,0,0,138,77,2,1,3,2020
43,2020-03-06,0,2,2,0,0,0,0,0,0,0,9,190,53,1,0,3,2020
44,2020-03-07,0,7,3,0,0,0,0,0,0,0,0,332,166,3,0,3,2020
45,2020-03-08,0,3,4,0,0,0,0,0,0,0,7,177,116,5,2,3,2020
46,2020-03-09,0,6,1,0,0,0,0,0,0,0,5,286,75,4,0,3,2020
47,2020-03-10,0,8,6,0,0,0,0,1,1,0,6,372,188,13,4,3,2020
48,2020-03-11,0,15,5,1,0,0,0,0,0,0,7,510,365,6,6,3,2020
49,2020-03-12,0,0,10,0,0,0,0,4,0,0,14,0,439,11,4,3,2020
50,2020-03-13,0,31,8,1,0,0,0,0,0,0,99,1388,633,9,7,3,2020
51,2020-03-14,0,12,7,0,0,0,0,0,0,0,0,815,759,20,14,3,2020
52,2020-03-15,0,0,12,0,0,0,0,0,9,0,11,36,234,11,13,3,2020
53,2020-03-16,0,58,27,0,0,1,0,5,0,0,38,2151,1467,6,11,3,2020
54,2020-03-17,1,0,37,1,0,1,0,0,1,0,121,1032,1833,23,0,3,2020
55,2020-03-18,2,0,60,0,0,0,0,88,0,0,51,1409,2657,14,54,3,2020
56,2020-03-19,3,95,72,1,0,0,0,16,1,0,249,1846,4494,38,34,3,2020
57,2020-03-20,5,207,106,1,0,0,0,26,5,0,172,1788,6367,50,52,3,2020
58,2020-03-21,4,112,103,-1,0,0,0,29,3,0,228,1705,5995,86,38,3,2020
59,2020-03-22,10,113,122,3,0,0,2194,2,4,0,525,2295,8873,66,34,3,2020
60,2020-03-23,9,186,192,3,0,0,0,0,0,0,378,3365,11238,103,128,3,2020
61,2020-03-24,12,240,243,0,0,0,1044,170,13,4,323,2249,10619,37,152,3,2020
62,2020-03-25,13,231,333,2,0,0,657,13,3,8,307,2962,12082,121,155,3,2020
63,2020-03-26,18,364,419,8,0,4,1048,320,2,0,431,3918,17856,70,218,3,2020
64,2020-03-27,15,299,522,0,1,0,752,188,28,19,432,3795,18690,160,243,3,2020
65,2020-03-28,19,318,642,4,0,0,17,203,11,0,487,4645,19630,100,17,3,2020
66,2020-03-29,25,294,624,3,1,0,1502,1593,11,0,352,2603,18899,37,93,3,2020
67,2020-03-30,23,418,713,5,1,114,738,2979,7,0,323,4354,22075,227,46,3,2020
68,2020-03-31,42,500,1085,3,2,7,1549,1380,21,0,1138,7629,26314,146,27,3,2020
69,2020-04-01,39,1252,1283,23,0,0,1540,1450,25,19,1119,4844,32259,601,27,4,2020
70,2020-04-02,84,609,1512,14,0,0,1495,527,43,0,1208,2106,32232,545,82,4,2020
71,2020-04-03,35,1122,1431,0,4,0,1587,706,1,45,1012,5224,32295,24,43,4,2020
72,2020-04-04,86,1053,1563,14,0,0,1437,4945,37,0,1304,-17074,32390,515,80,4,2020
73,2020-04-05,41,519,1615,13,2,0,777,2796,0,0,770,855,29877,506,70,4,2020
74,2020-04-06,78,833,1771,37,1,0,1079,2133,146,0,1031,2654,31393,1190,31,4,2020
75,2020-04-07,122,1416,2575,14,1,0,2095,2182,46,0,1873,-3491,30769,533,63,4,2020
76,2020-04-08,133,544,2160,28,5,0,1929,1796,85,0,2136,3855,31215,605,96,4,2020
77,2020-04-09,131,1340,2203,48,0,46,1961,1851,114,0,1922,3784,35936,809,89,4,2020
78,2020-04-10,107,985,2194,20,6,0,1782,3380,154,315,1546,1565,34414,873,69,4,2020
79,2020-04-11,67,636,2127,42,1,0,1468,2480,195,0,1089,1445,29102,848,25,4,2020
80,2020-04-12,99,561,1874,43,0,0,806,1718,111,0,1465,50746,27257,759,145,4,2020
81,2020-04-13,105,573,2009,27,2,0,532,10494,101,0,1238,3141,26940,1248,99,4,2020
82,2020-04-14,204,743,2435,35,0,2873,804,4281,178,0,1832,17448,28825,1034,143,4,2020
83,2020-04-15,204,1438,2612,12,7,10980,2150,4333,73,0,3058,3208,25406,835,91,4,2020
84,2020-04-16,188,753,2143,43,14,0,1857,2607,336,493,2105,12578,30015,1108,99,4,2020
85,2020-04-17,217,761,2110,38,2,0,1608,3842,273,0,3257,1891,33030,922,178,4,2020
86,2020-04-18,213,641,1973,35,2,0,1563,6295,422,0,2976,3806,27932,1370,251,4,2020
87,2020-04-19,108,389,1971,38,2,8104,595,5497,391,0,1996,1092,26096,1893,124,4,2020
88,2020-04-20,125,547,2230,33,4,0,831,1992,419,152,2089,2447,29828,924,142,4,2020
89,2020-04-21,154,528,2514,53,0,861,1772,2875,702,0,2336,2666,25917,1541,165,4,2020
90,2020-04-22,165,544,2460,36,7,2327,1476,2162,395,0,2678,1800,28859,1290,170,4,2020
91,2020-04-23,425,516,2456,40,10,1255,1431,2837,642,418,4279,-1710,33570,1707,318,4,2020
92,2020-04-24,373,390,2188,59,4,1082,1405,18876,486,0,4007,2811,32327,1453,267,4,2020
93,2020-04-25,353,369,1711,45,7,1505,1101,1293,441,0,5281,1678,30396,1753,141,4,2020
94,2020-04-26,229,242,1399,56,1,992,309,6616,584,0,3776,633,26501,1607,185,4,2020
95,2020-04-27,317,437,1508,58,3,990,610,4436,614,0,4346,3686,23703,1561,247,4,2020
96,2020-04-28,480,367,2224,69,3,1402,1373,4512,610,600,5789,3132,24577,1873,203,4,2020
97,2020-04-29,430,426,2418,71,10,1588,1342,4784,690,0,6450,-1455,26438,1738,354,4,2020
98,2020-04-30,493,289,2196,75,0,1803,1248,33227,631,0,7502,1218,29220,1801,297,4,2020
99,2020-05-01,406,217,1909,69,13,2104,736,10068,939,309,5015,526,34926,2394,304,5,2020
100,2020-05-02,349,197,1731,100,7,2898,451,11367,812,167,4898,792,27350,2442,385,5,2020
101,2020-05-03,290,135,1190,68,8,2054,222,4770,956,0,4726,361,24297,2806,447,5,2020
102,2020-05-04,316,306,1380,175,7,2824,591,7028,1072,197,6794,562,24085,3932,437,5,2020
103,2020-05-05,571,333,2242,127,10,2406,1366,2611,1295,0,6835,1117,24531,2963,352,5,2020
104,2020-05-06,650,275,2314,92,5,3149,1237,119,1189,407,11156,4136,24560,3587,236,5,2020
105,2020-05-07,602,179,1929,104,8,3980,1112,5126,1445,0,9162,741,27411,3364,424,5,2020
106,2020-05-08,827,242,1763,96,17,3947,701,3957,1111,0,11121,531,26839,3344,663,5,2020
107,2020-05-09,639,80,1468,116,8,2388,256,13541,1414,830,9167,529,25136,3113,525,5,2020
108,2020-05-10,467,70,978,111,8,3272,179,3635,1668,190,6638,249,18867,4353,595,5,2020
109,2020-05-11,530,263,1042,82,12,2427,508,16564,1580,184,6895,314,19271,3607,637,5,2020
110,2020-05-12,808,348,1599,121,0,5213,1063,-2446,1871,0,8620,753,22948,3524,698,5,2020
111,2020-05-13,779,85,1727,136,13,5827,888,13143,1980,388,11923,521,20408,3763,724,5,2020
112,2020-05-14,759,351,1796,98,19,1055,933,2984,1569,931,13028,642,26818,3942,665,5,2020
113,2020-05-15,963,102,1668,104,9,5491,843,4333,2289,407,17126,513,24747,3787,785,5,2020
114,2020-05-16,700,98,1198,118,14,4702,0,17629,3966,395,13220,415,24159,4864,831,5,2020
115,2020-05-17,456,483,821,154,3,4450,765,3889,2571,528,7569,140,18363,5050,1160,5,2020
116,2020-05-18,735,129,1227,131,22,6337,516,10913,2438,292,14288,444,22390,4630,918,5,2020
117,2020-05-19,1130,-217,1456,146,26,6335,835,6214,3076,662,16517,501,21007,6147,767,5,2020
118,2020-05-20,876,111,1501,132,27,9889,794,4920,3113,990,19694,482,22697,5553,803,5,2020
119,2020-05-21,1188,82,1185,150,30,9277,504,4106,3131,0,18508,267,25766,6198,1134,5,2020
120,2020-05-22,1001,148,1217,142,28,9470,351,51717,3271,1154,20803,756,23657,6568,988,5,2020
121,2020-05-23,965,86,1090,142,10,7157,338,11104,2561,0,16508,546,21111,6629,1218,5,2020
122,2020-05-24,653,-80,639,156,22,7324,70,5497,3307,996,15813,-439,20067,7113,1240,5,2020
123,2020-05-25,807,89,592,148,52,3922,582,12421,3014,817,11687,325,18673,6414,1032,5,2020
124,2020-05-26,1039,137,677,172,43,4760,680,5745,3571,824,16324,255,19650,5843,649,5,2020
125,2020-05-27,1086,1,1463,190,28,8054,705,6606,3472,710,20599,172,18549,7293,1673,5,2020
126,2020-05-28,1156,67,1101,177,25,10957,607,8483,3171,919,26417,3343,22322,7300,1466,5,2020
127,2020-05-29,1124,51,1133,269,34,11872,612,6455,11707,723,26928,594,24473,8105,1837,5,2020
128,2020-05-30,956,57,954,205,32,11416,465,10015,4309,1023,33274,1795,23633,8336,1727,5,2020
129,2020-05-31,480,31,615,223,40,5663,87,28297,4916,693,16409,231,18987,8782,1716,5,2020
130,2020-06-01,623,32,776,200,22,4525,85,13473,3902,482,11598,407,17436,7761,1674,6,2020
131,2020-06-02,1262,106,981,221,50,12558,372,5637,4531,1022,28936,-647,21502,8821,1455,6,2020
132,2020-06-03,1349,81,1010,259,37,14979,643,15390,3786,1369,28633,-3226,19855,9633,1713,6,2020
133,2020-06-04,1473,45,1013,275,56,16346,521,5744,4379,1629,30925,4360,21639,9889,3267,6,2020
134,2020-06-05,1005,45,891,286,60,11977,528,6704,4783,1777,30830,581,25400,9471,2642,6,2020
135,2020-06-06,904,31,642,297,44,10209,302,9143,5462,1170,27075,572,21160,10438,2539,6,2020
136,2020-06-07,525,13,459,261,46,6803,37,5518,5153,106,18912,341,17916,10864,2312,6,2020
137,2020-06-08,679,55,507,266,82,94305,221,12155,5247,1735,15654,274,17637,8442,2594,6,2020
138,2020-06-09,1272,88,913,277,82,18480,444,6333,5575,2907,32091,553,18384,10218,2112,6,2020
139,2020-06-10,1274,21,876,352,48,17179,326,8649,536,2499,32913,625,21110,10459,2430,6,2020
140,2020-06-11,1239,27,830,396,74,16049,317,6788,11989,1747,30412,364,23133,10930,3147,6,2020
141,2020-06-12,909,28,829,386,70,15158,426,7094,7135,1754,25982,802,24866,11458,3359,6,2020
142,2020-06-13,892,24,735,311,69,14313,236,9220,8049,1844,21704,497,25208,11929,3809,6,2020
143,2020-06-14,612,10,345,325,57,9705,51,5210,7419,1681,17110,390,18948,11502,4302,6,2020
144,2020-06-15,627,28,396,380,88,8568,186,14518,10215,1336,20647,136,19819,10667,3495,6,2020
145,2020-06-16,1282,114,814,2003,57,12296,291,7169,6922,2196,34918,663,23670,10974,2801,6,2020
146,2020-06-17,1269,25,739,334,49,31041,332,8688,7390,2268,32188,488,27064,12881,4078,6,2020
147,2020-06-18,1238,28,689,336,63,13534,220,6924,10386,589,22765,586,28526,13586,3478,6,2020
148,2020-06-19,1206,14,629,375,94,17051,230,7600,9120,2905,54771,787,31562,14516,3825,6,2020
149,2020-06-20,1022,18,559,306,46,25148,195,10745,13897,2501,34666,619,32270,15403,4966,6,2020
150,2020-06-21,615,6,317,445,53,11339,60,4673,9468,1282,15762,343,25148,14831,4621,6,2020
151,2020-06-22,680,24,407,312,61,13618,240,18065,10994,1836,23129,142,32152,14933,4288,6,2020
152,2020-06-23,1374,54,748,465,111,26227,259,7350,10495,1601,39436,698,37075,15968,4518,6,2020
153,2020-06-24,1185,13,737,418,103,32506,256,8613,13012,1829,42725,268,35876,16922,5688,6,2020
154,2020-06-25,1141,19,537,407,87,19055,224,7401,13940,3100,39483,255,40317,17296,6579,6,2020
155,2020-06-26,990,26,629,384,48,22875,298,7247,10244,4137,46860,1263,45994,18552,6215,6,2020
156,2020-06-27,1109,1,503,410,73,25316,0,8499,13832,2983,38693,448,41346,19906,7210,6,2020
157,2020-06-28,552,0,318,380,43,18303,1,5856,12010,1831,30476,-406,40730,19459,6334,6,2020
158,2020-06-29,692,35,385,418,73,11793,350,20039,13099,1689,24052,645,41283,18522,6130,6,2020
159,2020-06-30,1280,30,553,507,128,30507,275,15428,13090,2929,33846,441,46430,18641,6945,6,2020
160,2020-07-01,1038,19,704,434,92,29324,275,9363,11948,2482,46712,990,51819,19160,8124,7,2020
161,2020-07-02,1252,13,713,379,95,140050,253,51976,20032,5974,48105,539,56629,20903,8728,7,2020
162,2020-07-03,1290,18,670,442,108,26923,258,8434,14335,4299,42223,539,51361,22771,9063,7,2020
163,2020-07-04,1091,0,315,613,74,6116,0,103921,14856,4929,37923,358,45681,24850,10853,7,2020
164,2020-07-05,602,-1,326,425,173,38314,0,12438,15350,2088,26051,11,50768,24248,8773,7,2020
165,2020-07-06,620,30,376,466,111,33497,259,17385,15501,4533,20229,1018,43085,22251,8971,7,2020
166,2020-07-07,1254,11,1162,483,192,44470,336,12328,16897,4451,45305,454,60654,22753,10134,7,2020
167,2020-07-08,1223,31,825,487,100,32832,0,16986,19547,4543,44571,822,60119,24879,8810,7,2020
168,2020-07-09,1220,16,1020,475,118,31603,515,15649,19135,6219,42619,444,62496,26506,13674,7,2020
169,2020-07-10,1214,26,817,519,140,45914,218,14074,19873,5171,45048,715,68055,27114,12348,7,2020
170,2020-07-11,1071,3,728,550,111,26727,0,12391,19232,9483,39023,251,60033,28606,13497,7,2020
171,2020-07-12,631,0,472,501,108,20755,0,10750,18853,7159,24831,16,58438,28732,12058,7,2020
172,2020-07-13,733,23,445,553,93,26408,209,25613,17989,3367,20286,1423,58896,28498,11554,7,2020
173,2020-07-14,1300,2,928,582,174,32174,0,17159,20572,8038,41857,62,68036,29429,10496,7,2020
174,2020-07-15,1233,88,975,605,107,26673,223,26784,20736,14414,39924,727,68120,32676,12757,7,2020
175,2020-07-16,1322,17,956,688,216,47433,216,14763,22989,4898,45403,569,75820,34975,13172,7,2020
176,2020-07-17,1163,13,924,671,135,30989,210,16559,17994,12592,34177,829,72261,35252,13373,7,2020
177,2020-07-18,921,3,857,543,144,18888,0,15516,23672,4047,28532,163,62535,38697,13285,7,2020
178,2020-07-19,716,0,483,681,85,11664,0,8401,22664,8829,23529,4,60476,40425,13449,7,2020
179,2020-07-20,632,24,563,585,140,55228,297,28966,24491,3806,20257,1911,62090,37132,9300,7,2020
180,2020-07-21,1367,-13,1091,650,195,41039,193,21931,28472,13279,41008,595,64520,37740,8170,7,2020
181,2020-07-22,1284,6,1224,1129,572,36636,223,28831,29557,21031,67860,921,70564,45720,13150,7,2020
182,2020-07-23,1311,11,1070,740,153,28338,516,22420,34602,7085,59961,1236,68440,49310,13104,7,2020
183,2020-07-24,1156,10,1107,757,250,72901,343,28355,32223,9511,55891,1091,73323,48916,13944,7,2020
184,2020-07-25,1211,0,930,702,312,92145,2,17790,36141,17283,51147,88,64915,48611,12204,7,2020
185,2020-07-26,555,0,531,711,114,27554,0,18449,31995,2023,24578,0,54775,49981,11233,7,2020
186,2020-07-27,614,18,1126,637,298,33728,267,27941,33598,9848,23284,2488,56851,44457,7096,7,2020
187,2020-07-28,921,13,1330,785,190,22108,229,29559,36863,12388,40816,564,66457,51596,7232,7,2020
188,2020-07-29,1595,14,1414,762,240,54053,2,34062,31706,10654,69074,1470,71853,50294,11362,7,2020
189,2020-07-30,1129,16,1231,763,315,34005,189,24730,35613,11634,57837,1389,67457,52783,11046,7,2020
190,2020-07-31,1212,11,1237,793,193,52047,132,24005,39026,16570,52383,1308,68719,61242,11014,7,2020
191,2020-08-01,1088,0,1093,853,148,29128,0,23725,51255,16290,45392,63,56184,54735,10107,8,2020
192,2020-08-02,541,0,437,771,213,24894,0,6804,40574,4766,25800,3,45545,52972,8195,8,2020
193,2020-08-03,561,30,581,803,173,36100,0,44757,44306,10810,16641,3360,45529,52050,5377,8,2020
194,2020-08-04,1154,2,1282,857,345,58508,0,15533,51706,5714,51603,971,58801,52509,4456,8,2020
195,2020-08-05,1437,11,1438,904,414,32877,534,48872,46121,13515,57152,1708,54457,56282,8559,8,2020
196,2020-08-06,1237,4,1244,886,306,40181,294,20773,49769,10050,53139,1601,59357,62538,8307,8,2020
197,2020-08-07,1079,13,1237,933,305,41757,376,25246,48900,7443,50230,2387,59297,61537,7292,8,2020
198,2020-08-08,905,1,1078,861,301,49238,0,19248,53879,9809,49970,70,54119,64399,7712,8,2020
199,2020-08-09,572,0,524,1007,198,35446,3,13746,54859,6906,23010,35,45754,62064,6671,8,2020
200,2020-08-10,703,15,635,871,213,33847,0,13891,47746,5726,22048,4731,47624,53601,3739,8,2020
201,2020-08-11,1274,14,1020,834,130,58508,0,44205,56110,8925,52160,1414,48001,60963,2511,8,2020
202,2020-08-12,1175,18,1499,942,259,56890,638,38800,56383,5904,55155,2598,56049,66999,2810,8,2020
203,2020-08-13,1262,17,1067,1007,260,14872,3,20888,55573,5588,60091,2678,51314,64553,3946,8,2020
204,2020-08-14,1060,19,1337,996,286,95881,381,21678,57381,24117,50644,2923,65340,64732,6275,8,2020
205,2020-08-15,709,1,1000,944,121,5897,0,22201,53322,5207,41576,3210,46921,64030,4513,8,2020
206,2020-08-16,620,1,617,941,162,32139,0,14540,57584,5436,23101,3003,39192,57711,3692,8,2020
207,2020-08-17,684,20,493,876,143,44063,221,32513,57829,5294,19373,650,36676,55018,2541,8,2020
208,2020-08-18,1352,22,1226,1091,282,52166,0,32579,60145,7797,47784,2119,45034,64572,2258,8,2020
209,2020-08-19,1212,18,1339,978,159,50685,0,26890,58848,5973,49298,3772,47359,69672,3916,8,2020
210,2020-08-20,1204,11,1103,983,195,42387,0,21986,62282,5728,45323,4800,44040,68900,3880,8,2020
211,2020-08-21,1054,24,1091,945,225,11240,767,18021,63631,2933,30355,5009,48829,69876,3398,8,2020
212,2020-08-22,892,9,909,912,144,58408,121,20428,57989,4025,50032,3474,43045,69239,3707,8,2020
213,2020-08-23,494,0,545,836,72,33818,23,12277,57469,2343,23421,4680,34232,61408,2728,8,2020
214,2020-08-24,565,16,473,848,100,28472,227,23013,66550,10024,17078,1976,36522,60975,1677,8,2020
215,2020-08-25,1271,19,1236,967,149,56295,405,32925,53754,3887,47134,3616,40360,57224,1567,8,2020
216,2020-08-26,1085,0,1166,1115,194,49896,54,30766,65432,4861,47161,287,45166,85687,2684,8,2020
217,2020-08-27,984,35,1116,1057,126,40399,460,16861,60177,6096,44235,11203,45380,77266,2585,8,2020
218,2020-08-28,855,18,977,1021,115,35937,224,17041,65050,2597,43412,7641,46848,76472,1846,8,2020
219,2020-08-29,758,6,902,948,238,43402,0,22247,64935,2759,41350,5460,42731,78761,2419,8,2020
220,2020-08-30,566,3,454,971,47,35430,0,13325,60868,1910,16158,5366,34381,78512,2505,8,2020
221,2020-08-31,553,31,542,819,121,30976,295,30886,65081,2319,45961,3113,35388,69921,1985,8,2020
222,2020-09-01,1215,27,1028,1045,114,76649,246,17838,62026,9070,42659,5104,41864,78357,1218,9,2020
223,2020-09-02,1184,27,1079,1043,126,42069,382,29094,68584,3463,46934,7113,41014,83883,2336,9,2020
224,2020-09-03,834,17,1037,1096,174,42126,243,35200,66659,1431,43773,7122,44210,83341,2420,9,2020
225,2020-09-04,888,-21,958,1089,115,34843,266,16497,70072,2931,50163,8834,50393,86432,2063,9,2020
226,2020-09-05,701,12,762,1065,101,34721,0,18733,73642,3386,31199,8594,43088,90632,1806,9,2020
227,2020-09-06,447,4,470,1016,110,23156,0,13808,69564,2687,14521,7016,31169,90802,1633,9,2020
228,2020-09-07,310,23,296,1133,115,27046,557,17556,73521,2664,10273,4266,23567,75809,845,9,2020
229,2020-09-08,504,38,452,1115,82,23220,392,25560,74894,1174,14279,6738,27393,89706,1079,9,2020
230,2020-09-09,1075,32,1160,1172,82,39211,366,28368,72939,2206,35816,8619,34057,95735,1990,9,2020
231,2020-09-10,983,19,916,1209,97,46069,226,16032,70880,3068,40557,9762,36073,96551,2007,9,2020
232,2020-09-11,874,82,1174,1201,113,37457,422,14367,81533,1584,43718,9509,47778,97570,1960,9,2020
233,2020-09-12,814,18,702,1114,49,28048,555,16780,78399,1836,33523,11337,41062,94372,1816,9,2020
234,2020-09-13,415,5,435,1136,20,0,0,16748,77512,1483,14768,6345,34351,92071,1579,9,2020
235,2020-09-14,381,34,431,1054,52,46932,-13,23164,79292,1383,15155,6396,34428,83809,956,9,2020
236,2020-09-15,1113,50,1200,1290,142,41367,384,20557,82961,3837,36653,7826,39507,90123,772,9,2020
237,2020-09-16,987,48,956,1132,64,33959,477,30446,82719,1069,36820,10191,39018,97894,1923,9,2020
238,2020-09-17,829,47,861,1174,67,28470,472,14761,87472,1108,36303,10239,45137,96424,2128,9,2020
239,2020-09-18,858,154,896,1247,85,23605,935,16131,95880,1541,39797,13233,49284,93337,2055,9,2020
240,2020-09-19,739,25,732,1133,83,39354,886,20981,94612,2590,33057,13560,42159,92605,2029,9,2020
241,2020-09-20,363,11,265,1130,13,26553,0,13225,93356,637,16389,10536,38415,86961,1555,9,2020
242,2020-09-21,377,53,427,1053,39,29986,703,25278,101468,1137,13411,5539,51972,75083,725,9,2020
243,2020-09-22,833,79,1032,1085,126,23399,672,31010,89746,1696,33324,10084,39862,83347,1346,9,2020
244,2020-09-23,0,48,1056,1129,88,29996,1537,23297,87374,1325,0,13291,39062,86508,1906,9,2020
245,2020-09-24,1703,46,897,1141,77,56127,-518,39927,81177,1687,66338,15850,47111,86052,1861,9,2020
246,2020-09-25,729,151,944,1089,29,25536,929,17152,93420,3233,31911,16104,48282,85362,1480,9,2020
247,2020-09-26,869,39,768,1124,64,24817,28,23124,92043,2669,28378,14220,44652,88600,969,9,2020
248,2020-09-27,335,27,315,1039,22,19404,0,15821,74893,1903,14318,10635,37508,82170,1268,9,2020
249,2020-09-28,317,84,358,776,188,24661,190,28328,84877,757,13155,4299,33235,70589,903,9,2020
250,2020-09-29,863,73,834,1179,81,39780,961,18697,86428,2042,32058,8005,43448,80472,903,9,2020
251,2020-09-30,1031,80,958,1181,67,37622,544,27383,85376,1592,33413,14366,39434,86821,1767,9,2020
252,2020-10-01,728,57,873,1095,132,24885,522,19962,78877,1472,36157,13051,45653,81484,1745,10,2020
253,2020-10-02,0,136,860,1069,43,0,1099,12719,75628,1460,0,12436,54962,79476,1749,10,2020
254,2020-10-03,1307,25,684,940,29,61449,28,23953,82260,1719,59741,16488,48535,75829,1883,10,2020
255,2020-10-04,365,32,381,903,38,14246,0,14377,76737,2018,8456,12504,35715,74442,1573,10,2020
256,2020-10-05,323,71,480,884,40,22528,592,23443,75787,903,11946,5639,39449,61267,926,10,2020
257,2020-10-06,819,87,686,986,87,32458,570,17248,82203,1173,41906,11310,45256,72049,1027,10,2020
258,2020-10-07,734,80,927,971,145,26832,618,47505,83011,1270,31553,18953,51062,78524,1913,10,2020
259,2020-10-08,729,73,989,964,160,30920,481,21357,78365,644,27750,17402,58593,70496,1736,10,2020
260,2020-10-09,682,110,968,926,139,14762,690,17837,82753,1310,27444,21088,56381,73272,1461,10,2020
261,2020-10-10,559,35,658,918,126,0,0,23894,89154,2072,26749,26677,54918,74383,2544,10,2020
262,2020-10-11,290,46,471,816,107,23539,0,12094,71559,1612,12342,15937,45941,66732,1575,10,2020
263,2020-10-12,201,97,394,706,83,0,803,31651,77760,894,8429,9212,41842,55342,888,10,2020
264,2020-10-13,309,128,796,730,165,0,1168,17865,74632,915,10220,13626,52248,63509,1178,10,2020
265,2020-10-14,749,106,990,680,123,0,1171,31201,81514,1324,27235,23002,59765,67708,1877,10,2020
266,2020-10-15,713,85,849,895,158,0,669,21603,70338,1403,28523,29757,64888,63371,1770,10,2020
267,2020-10-16,754,179,937,837,61,0,971,20142,70816,959,30914,25632,69146,62212,2019,10,2020
268,2020-10-17,461,73,762,1033,38,0,0,23034,72614,1176,24062,32104,56736,61871,1928,10,2020
269,2020-10-18,0,85,493,579,63,0,0,13565,66399,4107,0,29837,49340,55722,1662,10,2020
270,2020-10-19,501,148,479,587,21,0,1597,38465,69720,714,26365,14289,67752,46790,1461,10,2020
271,2020-10-20,661,281,924,717,164,0,904,22545,61775,4311,23227,20376,61971,54044,1050,10,2020
272,2020-10-21,566,168,1121,702,85,0,1200,28206,79415,2138,24818,27422,63283,55839,2055,10,2020
273,2020-10-22,497,154,914,690,102,0,947,29702,73979,854,24858,40813,76300,54366,2156,10,2020
274,2020-10-23,571,300,967,650,48,0,974,22371,67549,963,30026,42837,81949,53370,1897,10,2020
275,2020-10-24,432,136,951,578,53,0,0,31229,62077,1118,26979,45265,82729,50129,1834,10,2020
276,2020-10-25,231,-21,462,480,24,0,62,16222,59105,1529,13493,6616,62140,45148,1622,10,2020
277,2020-10-26,263,389,533,488,40,0,2266,37577,63842,551,15726,73010,67403,36470,891,10,2020
278,2020-10-27,549,529,973,508,45,388340,1436,27211,58439,1112,29787,34482,76843,43893,1092,10,2020
279,2020-10-28,510,259,1035,517,58,33044,2013,30474,56480,821,28629,37550,79404,49881,1863,10,2020
280,2020-10-29,513,232,1004,563,53,14797,1310,36196,57386,1281,26106,46612,91052,48648,2056,10,2020
281,2020-10-30,508,547,1061,551,66,24861,1501,24116,59454,3117,22282,49474,99240,48268,1912,10,2020
282,2020-10-31,407,222,910,470,46,17726,871,34026,58684,1130,18947,35070,89695,46963,1770,10,2020
283,2020-11-01,190,231,496,496,135,17177,569,18101,53285,1148,10100,46179,104848,45231,1371,11,2020
284,2020-11-02,179,428,573,490,54,17100,0,44402,58323,2170,8501,106091,85308,38310,772,11,2020
285,2020-11-03,243,1279,1578,514,74,21259,0,30149,53357,1759,11843,72601,127116,46253,1241,11,2020
286,2020-11-04,610,-31,1115,704,46,17465,2531,38397,55331,926,23976,-46076,104608,50210,1712,11,2020
287,2020-11-05,0,354,1156,670,92,0,3564,38224,54157,11394,0,57806,129354,47638,1866,11,2020
288,2020-11-06,909,829,1239,577,72,39994,2051,29040,53920,4014,41156,60952,128005,50356,1761,11,2020
289,2020-11-07,254,303,1081,559,40,20485,1609,40674,49082,3145,22380,86655,127450,45674,1731,11,2020
290,2020-11-08,128,270,572,490,20,8531,676,30026,48405,950,10554,38562,115072,45903,1372,11,2020
291,2020-11-09,231,560,779,448,36,16054,1121,47354,42033,1038,10917,21424,120573,38073,1247,11,2020
292,2020-11-10,174,1231,1418,512,106,20744,2185,33028,54377,2468,23973,22613,140496,44281,1729,11,2020
293,2020-11-11,566,328,1436,550,60,38967,1776,35302,52718,3264,48655,36406,146626,47905,2140,11,2020
294,2020-11-12,913,415,1204,547,65,31520,1293,54081,49079,4445,33922,32628,164839,44879,2338,11,2020
295,2020-11-13,456,933,1200,520,77,20355,2201,43890,47992,1274,29070,24065,180389,44684,2213,11,2020
296,2020-11-14,921,353,1347,447,53,4640,1985,53298,42156,1084,38307,31957,167761,41100,2237,11,2020
297,2020-11-15,140,303,777,435,35,0,670,26440,43851,206,14134,27192,136224,30548,1842,11,2020
298,2020-11-16,216,511,829,449,73,56046,1070,69927,40791,2029,13371,10050,162945,29163,1245,11,2020
299,2020-11-17,685,1226,1721,474,118,22801,2273,48829,44739,1324,35294,45602,163922,38617,1987,11,2020
300,2020-11-18,756,431,1919,585,124,25086,2297,57149,48493,4714,34091,28897,173177,45576,2888,11,2020
301,2020-11-19,606,417,2053,584,115,22681,2179,59920,44807,1010,35918,20736,191548,45882,2514,11,2020
302,2020-11-20,552,1141,1957,564,88,24830,2684,47221,49715,4496,38397,23264,198297,46232,3105,11,2020
303,2020-11-21,376,252,1619,501,86,6293,926,71770,43493,744,32622,17670,179274,45209,2646,11,2020
304,2020-11-22,194,214,1033,511,58,20784,504,-3187,41024,2315,18615,13130,146784,44059,2270,11,2020
305,2020-11-23,302,506,1100,480,65,23211,911,107087,42314,1096,16207,5062,174449,37975,2080,11,2020
306,2020-11-24,630,1011,2129,481,115,28461,2087,63064,37816,5249,31100,9921,175514,44376,2493,11,2020
307,2020-11-25,654,388,2263,524,118,24365,1873,139292,36367,0,47898,16754,183287,44489,3250,11,2020
308,2020-11-26,691,331,1385,492,88,22877,1684,35247,39379,0,37614,13001,112322,43082,3069,11,2020
309,2020-11-27,514,959,1549,485,89,24549,1679,76243,41452,6432,34130,12774,208188,41322,3370,11,2020
310,2020-11-28,587,212,1361,496,61,0,1222,75617,42298,471,51922,12477,155533,41810,3198,11,2020
311,2020-11-29,272,198,1036,443,38,0,290,41967,45333,7286,24468,9763,140234,38772,2563,11,2020
312,2020-11-30,287,409,1346,482,58,16366,908,81289,41985,609,21138,4354,160570,31118,2302,11,2020
313,2020-12-01,697,777,2546,501,109,114503,1750,80262,43062,1289,50909,8364,188219,36604,2295,12,2020
314,2020-12-02,698,311,2815,526,65,46989,1534,95547,40726,1774,49863,14228,202557,35551,4173,12,2020
315,2020-12-03,755,324,2956,540,94,33245,1377,81890,42916,5062,50434,12787,223613,36595,4400,12,2020
316,2020-12-04,694,630,2699,512,160,33206,1412,66371,42533,1083,46884,11511,232785,36652,4932,12,2020
317,2020-12-05,664,212,2354,482,104,39093,1006,105637,41970,3848,43209,12882,215542,36011,4645,12,2020
318,2020-12-06,313,174,1346,391,139,1819,228,48418,39109,482,26363,10949,181012,32981,4116,12,2020
319,2020-12-07,376,366,1606,385,43,30869,699,90113,39045,970,20371,3411,194858,26567,3313,12,2020
320,2020-12-08,842,838,2621,402,183,67966,1639,72358,36635,7322,51088,14037,224492,32080,4011,12,2020
321,2020-12-09,836,297,3183,412,142,626,1379,102981,37725,1586,53453,14675,222539,31521,6709,12,2020
322,2020-12-10,770,296,2995,413,173,77101,1411,95151,37503,2013,53347,13872,231515,29373,8166,12,2020
323,2020-12-11,672,628,3418,443,205,35068,1233,150267,33519,1702,54428,13489,239977,30031,8319,12,2020
324,2020-12-12,686,193,2462,391,154,0,0,111291,33136,1745,43900,13947,217585,30254,7882,12,2020
325,2020-12-13,279,150,1628,336,170,60062,1104,51477,30695,893,21825,11533,187703,27071,7999,12,2020
326,2020-12-14,433,376,1652,354,175,19700,655,-6298082,34477,1735,25193,3192,194821,22065,5163,12,2020
327,2020-12-15,964,791,3119,387,210,48434,1440,0,33813,2231,42889,11655,209006,26382,7552,12,2020
328,2020-12-16,936,290,3664,355,166,32709,1224,0,33291,9608,70574,17720,246700,24010,10008,12,2020
329,2020-12-17,1092,261,3501,338,184,62355,1195,0,31087,5728,69826,18398,239725,22890,9126,12,2020
330,2020-12-18,823,612,2968,347,274,21408,1289,0,29885,3505,52544,16005,251969,25152,8725,12,2020
331,2020-12-19,706,189,2656,341,254,65983,915,0,29690,3964,50177,17428,191906,26624,10939,12,2020
332,2020-12-20,408,131,1715,333,152,19579,235,0,25709,6132,25445,12799,187819,24337,9445,12,2020
333,2020-12-21,527,354,1920,301,216,60793,658,0,30376,2432,25019,5960,199049,19556,8789,12,2020
334,2020-12-22,968,802,3399,333,339,32031,1596,0,26895,11895,55202,11861,198011,23950,9501,12,2020
335,2020-12-23,961,277,3421,312,411,11376,1300,0,29791,3131,46696,15038,229618,24712,14046,12,2020
336,2020-12-24,762,291,2908,336,326,0,1367,0,24661,11606,58428,21718,194204,23067,14305,12,2020
337,2020-12-25,506,159,1428,251,293,0,806,0,22274,7273,24615,20262,97646,22273,14796,12,2020
338,2020-12-26,307,146,1885,279,245,141472,273,0,21430,8943,17246,3093,226288,18732,11552,12,2020
339,2020-12-27,344,173,1427,279,214,23046,223,0,21131,5680,18479,8822,155635,20021,9502,12,2020
340,2020-12-28,431,368,2004,252,336,35522,781,0,24900,5100,20548,3106,174634,16432,7458,12,2020
341,2020-12-29,1111,969,3633,286,497,41354,1084,0,26572,8482,58718,11494,200252,20549,9580,12,2020
342,2020-12-30,1194,304,3733,299,465,59981,1240,0,26139,9141,55649,26514,233684,21822,17710,12,2020
343,2020-12-31,1074,251,3480,0,436,34752,1176,0,0,12074,56773,20042,235667,0,18000,12,2020
344,2021-01-01,462,133,2150,256,418,6528,680,0,23181,8030,24605,19348,153628,20035,16726,1,2021
345,2021-01-02,314,156,2508,441,288,37884,273,0,43849,10003,15827,3466,300310,37256,15002,1,2021
346,2021-01-03,293,116,1447,214,402,10916,213,0,19557,5975,17341,12495,208746,16504,11859,1,2021
347,2021-01-04,543,385,2094,201,434,45873,651,0,29091,7894,20006,4084,184282,16375,12601,1,2021
348,2021-01-05,1171,868,3715,264,513,44800,1466,0,21314,9306,56648,20825,235111,18088,14410,1,2021
349,2021-01-06,1242,282,3927,222,844,38441,1254,0,19587,8360,63430,25232,255444,20346,21832,1,2021
350,2021-01-07,1524,276,3987,234,441,48235,1,0,20539,8977,87843,21767,278290,18139,20999,1,2021
351,2021-01-08,962,591,4108,0,616,55296,2531,0,0,9703,52035,19860,295215,0,21980,1,2021
352,2021-01-09,1171,168,3322,429,399,68593,879,0,38552,8793,62290,20177,260695,36867,21606,1,2021
353,2021-01-10,469,151,2000,161,339,25926,264,0,16959,9656,29792,15944,213248,16311,17421,1,2021
354,2021-01-11,480,312,2104,167,416,41901,643,0,18385,6897,25822,3816,214994,12584,15046,1,2021
355,2021-01-12,1110,742,4475,202,755,11708,1318,0,17817,45858,64025,19680,226920,15968,13105,1,2021
356,2021-01-13,1274,229,4031,198,806,62135,1283,0,17652,11807,60899,23932,230362,16946,18555,1,2021
357,2021-01-14,1131,284,3988,191,712,47659,1130,0,15975,18810,67758,21431,235707,15590,18503,1,2021
358,2021-01-15,1151,636,3893,175,615,43336,1269,0,16977,12950,69198,21317,242731,15158,14880,1,2021
359,2021-01-16,1050,193,3404,181,384,47748,0,0,17170,21288,61567,21409,201680,15144,13973,1,2021
360,2021-01-17,551,141,1899,145,254,23186,1272,0,14457,14463,33040,16642,177782,13788,12267,1,2021
361,2021-01-18,452,404,1535,137,344,51451,860,0,17411,19011,23671,3798,143416,10050,9010,1,2021
362,2021-01-19,1192,656,2733,162,839,57620,1616,0,16988,27405,62094,23895,176706,13816,9780,1,2021
363,2021-01-20,1340,310,4408,151,566,0,1609,0,19965,15555,64385,26877,183236,15244,12710,1,2021
364,2021-01-21,1316,347,4205,163,647,55012,1296,0,17996,23031,59119,22710,193818,14545,11381,1,2021
365,2021-01-22,1096,649,3847,152,575,73818,1287,0,17136,17841,56552,23324,190753,14256,11761,1,2021
366,2021-01-23,1202,230,3345,155,498,29018,903,0,15948,16208,62334,23924,170613,14849,12271,1,2021
367,2021-01-24,592,172,1899,131,300,45448,240,0,13298,13028,28323,18436,131062,13203,8147,1,2021
368,2021-01-25,627,446,1977,117,243,43593,743,0,15901,10901,26816,4300,151969,9102,4551,1,2021
369,2021-01-26,1214,614,4008,137,680,31321,1444,0,13320,13253,61963,22143,147540,12689,6041,1,2021
370,2021-01-27,1283,350,3961,123,753,67886,1418,0,14301,8802,63520,26951,153945,11666,7070,1,2021
371,2021-01-28,1386,344,4039,163,555,15337,87,0,20746,8721,61811,23956,168610,18855,7150,1,2021
372,2021-01-29,1119,821,3635,137,528,87090,2862,0,14794,12584,59826,23235,166568,13082,6141,1,2021
373,2021-01-30,1279,241,2786,127,318,82068,692,0,13963,8140,58462,24045,142312,13044,5297,1,2021
374,2021-01-31,559,195,1854,118,213,27702,286,0,11874,6699,27756,19235,111997,11436,4525,1,2021
375,2021-02-01,595,456,2067,94,235,25981,913,0,13423,6402,24591,4388,135202,8635,2548,2,2021
376,2021-02-02,1210,726,3430,110,547,55720,1577,0,14225,12482,54096,23337,115333,11039,2649,2,2021
377,2021-02-03,1254,358,3907,107,398,53807,1576,0,17824,5176,56002,26406,121641,12899,4058,2,2021
378,2021-02-04,1232,0,3737,120,261,54316,0,0,15853,3506,56873,20,123975,12408,3751,2,2021
379,2021-02-05,1239,1008,3688,95,297,29951,3077,0,14488,8432,50872,45607,134397,11713,3749,2,2021
380,2021-02-06,0,191,2641,78,278,32844,1144,0,11805,4879,0,20588,103987,12059,3184,2,2021
381,2021-02-07,1500,171,1437,84,110,38990,284,0,11904,19707,77475,19715,89648,11831,2435,2,2021
382,2021-02-08,0,460,1617,78,183,10836,1017,0,14016,3743,0,4343,90315,9110,1376,2,2021
383,2021-02-09,1986,724,3075,94,396,98389,1724,0,13087,3300,74925,18886,95632,11067,1742,2,2021
384,2021-02-10,1330,296,3310,108,276,39075,1396,0,11764,7121,59602,25678,95177,12923,3159,2,2021
385,2021-02-11,1351,360,3208,87,237,20768,1641,0,15858,3612,54742,21076,105760,9309,2488,2,2021
386,2021-02-12,1288,645,2929,103,288,54614,1,0,11395,5646,51546,20709,99638,12143,2781,2,2021
387,2021-02-13,1043,199,2198,92,151,48781,0,0,11106,2370,44299,21231,87122,12194,2382,2,2021
388,2021-02-14,713,167,1161,90,78,24603,0,0,9489,2325,24759,16546,65021,11649,1744,2,2021
389,2021-02-15,528,412,959,81,195,56839,3775,0,11805,2834,32197,4406,54186,9121,1102,2,2021
390,2021-02-16,1167,587,1750,100,219,25377,1710,0,11833,5796,55271,19596,62719,11610,1210,2,2021
391,2021-02-17,1150,310,2406,101,165,86138,1500,0,11987,2878,56766,25186,70118,12881,2320,2,2021
392,2021-02-18,1367,271,2519,97,230,27353,1390,0,10896,3385,51879,22518,69924,13193,2327,2,2021
393,2021-02-19,1280,572,2631,101,151,27863,0,0,10307,3693,53582,24127,79297,13993,1911,2,2021
394,2021-02-20,1240,157,1818,90,81,81887,0,0,11667,2646,54940,22371,71525,14264,1690,2,2021
395,2021-02-21,527,159,1249,83,113,25187,0,0,9695,2462,29026,22046,57080,14199,1429,2,2021
396,2021-02-22,639,334,1323,78,97,12513,3411,0,13255,1551,26986,4654,56220,10584,792,2,2021
397,2021-02-23,1386,431,2274,104,263,81698,2115,0,14037,5893,62715,20180,72263,13742,998,2,2021
398,2021-02-24,1428,278,3179,138,110,24434,1367,0,11799,3163,66588,31527,74732,16738,1862,2,2021
399,2021-02-25,1541,261,2446,120,144,50359,1418,0,12179,1779,65998,25414,77501,16577,1676,2,2021
400,2021-02-26,1337,539,2068,113,117,44872,1,0,12771,2016,65169,25216,77346,16488,1654,2,2021
401,2021-02-27,1386,185,1515,113,157,61880,0,0,11718,2630,61602,23996,64575,16752,1447,2,2021
402,2021-02-28,721,122,1094,106,52,10868,0,0,11283,1212,34027,19952,51357,15510,1168,2,2021
403,2021-03-01,778,375,1522,91,84,55295,3516,0,12469,1077,35742,4730,58229,12286,566,3,2021
404,2021-03-02,1641,418,1950,98,194,68640,1509,0,13123,1984,59925,22872,57060,14989,856,3,2021
405,2021-03-03,1910,322,2491,89,95,42064,1399,0,14031,1452,71704,26903,67193,17407,1447,3,2021
406,2021-03-04,1699,293,1938,113,96,57555,1401,0,13819,1238,75102,25286,68051,16838,1404,3,2021
407,2021-03-05,1800,439,1785,108,104,41680,1229,0,14232,1040,75495,23507,66451,18284,1313,3,2021
408,2021-03-06,1555,170,1506,100,81,38474,990,0,14394,2465,69609,23306,58203,18754,1227,3,2021
409,2021-03-07,1086,130,698,97,31,53440,386,0,14278,1359,80508,21835,41007,18599,862,3,2021
410,2021-03-08,987,363,740,77,125,86828,808,0,16596,1171,32321,5534,45036,15388,638,3,2021
411,2021-03-09,1972,365,1807,133,103,52274,1444,0,20652,2237,70764,23143,57642,17921,991,3,2021
412,2021-03-10,2286,252,1573,126,109,43428,1480,0,18100,1697,79876,29674,57920,22854,1477,3,2021
413,2021-03-11,2233,277,1569,117,95,61662,1414,0,15157,1524,75412,28129,62474,23285,1474,3,2021
414,2021-03-12,2216,223,1571,140,69,57368,1245,0,19957,2151,85663,25177,61523,24882,1225,3,2021
415,2021-03-13,1997,169,997,161,82,43796,937,0,16637,3334,76178,29792,52932,25320,1541,3,2021
416,2021-03-14,1127,207,581,118,65,28667,345,0,17455,1302,43812,26347,38221,26291,1006,3,2021
417,2021-03-15,1057,341,757,131,95,82111,811,0,20191,1035,36239,6471,56666,24492,613,3,2021
418,2021-03-16,2841,400,1179,188,139,65556,1589,0,17741,2676,83926,30066,53957,28903,933,3,2021
419,2021-03-17,2648,87,1235,172,74,65221,0,0,17741,1055,90303,38501,59136,35871,1531,3,2021
420,2021-03-18,2724,422,1665,154,90,57121,2903,0,20654,838,86982,35061,60538,39726,1464,3,2021
421,2021-03-19,2815,285,1149,188,311,52368,0,0,23653,1302,90570,35198,61629,40953,1462,3,2021
422,2021-03-20,2438,177,744,197,47,40259,1387,0,22956,914,79069,35339,55374,43846,1378,3,2021
423,2021-03-21,1290,138,440,212,29,33334,0,0,21180,979,47774,30587,33768,46951,1051,3,2021
424,2021-03-22,1383,343,719,199,85,102138,2241,0,29785,864,49293,15813,51593,40715,599,3,2021
425,2021-03-23,3251,288,877,275,55,53566,1627,0,23907,1251,82493,14697,53603,47262,510,3,2021
426,2021-03-24,2009,246,1513,251,121,84970,0,0,26490,1391,89992,65392,86960,53476,1048,3,2021
427,2021-03-25,2777,225,1411,257,163,58368,3100,0,32987,659,100158,45660,67465,59118,1554,3,2021
428,2021-03-26,3650,897,1154,291,67,78293,1455,0,30386,2311,84245,41871,77321,62258,1516,3,2021
429,2021-03-27,3438,191,788,312,46,61590,1314,0,28739,1599,85948,42634,62700,62714,1387,3,2021
430,2021-03-28,1656,131,523,291,15,55899,402,0,32231,735,44326,37021,43097,68020,965,3,2021
431,2021-03-29,1660,360,713,271,47,17911,1058,0,37028,746,38927,9110,69429,56211,548,3,2021
432,2021-03-30,3780,381,887,354,78,63177,1986,0,41280,943,84494,30719,61249,53480,756,3,2021
433,2021-03-31,3869,303,1091,459,58,96002,1842,0,40382,731,90638,59054,67039,72330,1422,3,2021
434,2021-04-01,3769,308,1078,469,51,58842,1528,0,50356,507,91097,50711,79045,81466,1294,4,2021
435,2021-04-02,2922,332,953,714,49,37419,1568,0,44202,572,70238,46678,69831,89129,1273,4,2021
436,2021-04-03,1987,1,737,513,8,49878,0,0,60048,1207,43515,88,63067,93249,777,4,2021
437,2021-04-04,1240,369,294,478,33,16097,1890,0,52847,758,31359,80629,34972,103558,463,4,2021
438,2021-04-05,1319,197,519,446,8,61951,440,0,50143,725,28645,10797,77679,96982,452,4,2021
439,2021-04-06,4195,426,861,630,37,53990,1235,0,59856,732,86979,8054,60544,115736,437,4,2021
440,2021-04-07,3829,13,2593,685,79,132611,0,0,59258,1001,92625,960,75038,126789,756,4,2021
441,2021-04-08,4249,752,1021,780,62,76575,4412,0,61899,811,86652,97170,79878,131968,1366,4,2021
442,2021-04-09,3693,6,889,794,53,53447,0,0,77567,1005,93317,159,82698,145384,1267,4,2021
443,2021-04-10,2616,11,716,839,30,17468,0,0,90584,1045,71832,1371,66535,152879,1285,4,2021
444,2021-04-11,1803,696,300,904,66,139309,4076,0,75086,614,37017,117900,46380,168912,931,4,2021
445,2021-04-12,1480,385,476,879,34,13271,1147,0,97168,1060,35785,8555,70230,161736,655,4,2021
446,2021-04-13,3808,345,832,1027,67,82892,2117,0,82339,959,82186,39125,77878,184372,847,4,2021
447,2021-04-14,3459,297,972,1038,75,58759,2101,0,93528,1558,73513,43507,75375,200739,1599,4,2021
448,2021-04-15,3560,296,899,1185,73,50971,1884,0,118302,1187,73174,38081,74289,217353,1372,4,2021
449,2021-04-16,3305,331,872,1341,92,78980,1887,0,123354,512,85774,36451,79991,234692,1424,4,2021
450,2021-04-17,2929,189,692,1501,48,49059,1352,0,138418,885,67636,35872,52373,261394,1325,4,2021
451,2021-04-18,1657,140,333,1619,25,90648,482,0,144179,686,42980,29345,42018,273802,1089,4,2021
452,2021-04-19,1347,447,499,1761,21,43290,1132,0,154748,733,30624,6708,67933,259167,744,4,2021
453,2021-04-20,3321,374,836,2023,130,78963,2072,0,167474,3754,69381,44076,61273,295158,853,4,2021
454,2021-04-21,3472,333,859,2104,53,10419,1850,0,178841,1234,79719,34924,62857,314644,1569,4,2021
455,2021-04-22,2027,277,958,2263,55,94760,1857,0,193279,892,45178,33445,67257,332921,1413,4,2021
456,2021-04-23,2914,332,777,2624,71,55302,1737,0,219838,2354,69105,32340,62399,346786,1637,4,2021
457,2021-04-24,3076,217,735,2767,59,19739,1433,0,217113,1250,71137,32642,53363,349691,1385,4,2021
458,2021-04-25,1305,145,289,2812,23,8548,524,0,219272,825,32572,24465,32065,352991,1101,4,2021
459,2021-04-26,1139,398,487,2771,38,92941,1201,0,251707,695,28636,5959,47691,323023,849,4,2021
460,2021-04-27,3086,347,650,3293,51,107619,2014,0,261151,1106,72140,30323,50856,360927,880,4,2021
461,2021-04-28,3163,315,969,3645,48,34544,1705,0,269500,625,79726,31582,55125,379308,1250,4,2021
462,2021-04-29,3001,308,865,3498,46,92418,1719,0,297678,815,69389,26548,58199,386555,1086,4,2021
463,2021-04-30,2595,290,738,3523,19,49870,1650,0,299988,1194,68333,24302,57922,401993,1674,4,2021
464,2021-05-01,2656,192,715,3689,56,31941,1347,0,307865,1112,66964,25670,45303,392488,1632,5,2021
465,2021-05-02,1202,113,332,3417,11,59658,14216,0,300454,1046,28935,9888,29367,368060,1222,5,2021
466,2021-05-03,983,311,486,3449,35,51593,998,0,320567,780,24619,3767,50560,357316,897,5,2021
467,2021-05-04,2966,257,876,3780,59,35418,1818,0,338229,1098,77359,24377,40733,382146,1187,5,2021
468,2021-05-05,2811,244,778,3980,46,84099,1923,0,329323,729,73295,26004,44735,412431,2073,5,2021
469,2021-05-06,2550,219,793,3915,63,30929,1591,0,331507,1520,73380,21742,47514,414188,2149,5,2021
470,2021-05-07,2165,251,754,4187,67,114486,1525,0,318609,1297,78886,19138,47289,401078,2256,5,2021
471,2021-05-08,2202,176,617,4077,0,21972,1178,0,386404,0,63430,20745,34493,403405,0,5,2021
472,2021-05-09,1024,115,242,3769,48,35353,402,0,353858,3054,38911,9128,21392,366494,3969,5,2021
473,2021-05-10,889,292,400,3876,90,23662,922,0,356082,1094,25200,3299,36898,329942,1129,5,2021
474,2021-05-11,2311,251,676,4205,71,111401,1575,0,355338,1908,72715,19791,33651,348421,1548,5,2021
475,2021-05-12,2494,184,849,4120,72,29956,1490,0,352181,476,76692,21498,35878,362727,2759,5,2021
476,2021-05-13,2383,131,802,4000,44,40271,1067,0,344776,1144,74592,19461,38087,343144,3221,5,2021
477,2021-05-14,2211,173,658,3890,112,40590,806,0,353299,1287,85536,7043,42298,326098,3141,5,2021
478,2021-05-15,2087,112,476,4077,59,7542,1305,0,362437,1078,67009,15685,28813,311170,2750,5,2021
479,2021-05-16,1036,81,262,4106,27,53698,315,0,378741,1109,40709,13948,16864,281386,2585,5,2021
480,2021-05-17,786,196,389,4329,50,92211,854,0,422436,2286,30148,3351,28666,263533,1757,5,2021
481,2021-05-18,2513,228,760,4529,80,101083,1439,0,389851,1330,75445,17223,27819,267334,2355,5,2021
482,2021-05-19,2641,141,655,3874,167,85952,1250,0,369077,900,79219,19057,29293,276110,3522,5,2021
483,2021-05-20,2403,1,665,4209,61,36323,0,0,357295,3125,82039,449,30141,259551,3641,5,2021
